üìÑ Paste Logs Here (Plain Text),üí¨ Prompt,output,timestamp
"May 12 01:00:12 successful login from 10.0.0.2
May 12 01:05:33 successful login from 10.0.0.3
May 12 01:15:40 failed login from 10.0.0.4
May 12 01:17:01 successful login from 10.0.0.5
May 12 01:22:50 successful login from 10.0.0.6
May 12 02:00:00 failed login from 192.168.1.50
May 12 02:00:10 failed login from 192.168.1.50
May 12 02:00:15 failed login from 192.168.1.50
May 12 03:45:00 successful login from 203.0.113.99
May 12 04:00:00 successful login from 10.0.0.7","‡∏ï‡∏£‡∏ß‡∏à‡∏™‡∏≠‡∏ö log ‡∏ï‡πà‡∏≠‡πÑ‡∏õ‡∏ô‡∏µ‡πâ‡∏ß‡πà‡∏≤‡∏°‡∏µ‡∏û‡∏§‡∏ï‡∏¥‡∏Å‡∏£‡∏£‡∏°‡∏ó‡∏µ‡πà‡∏≠‡∏≤‡∏à‡∏ö‡πà‡∏á‡∏ä‡∏µ‡πâ‡∏Å‡∏≤‡∏£‡πÇ‡∏à‡∏°‡∏ï‡∏µ‡∏´‡∏£‡∏∑‡∏≠‡πÑ‡∏°‡πà ‡πÄ‡∏ä‡πà‡∏ô brute-force, login ‡∏ú‡∏¥‡∏î‡πÄ‡∏ß‡∏•‡∏≤, IP ‡∏ú‡∏¥‡∏î‡∏õ‡∏Å‡∏ï‡∏¥
‡πÉ‡∏´‡πâ‡∏ß‡∏¥‡πÄ‡∏Ñ‡∏£‡∏≤‡∏∞‡∏´‡πå‡πÅ‡∏ö‡∏ö‡πÄ‡∏õ‡πá‡∏ô‡∏Ç‡∏±‡πâ‡∏ô‡∏ï‡∏≠‡∏ô","üß† **‡∏ß‡∏¥‡πÄ‡∏Ñ‡∏£‡∏≤‡∏∞‡∏´‡πå:**
The log provided suggests that the account associated with 192.168.1.50 might have experienced failed login attempts, which could be a result of brute-force attacks or invalid IP addresses (notably from your question). However, no specific reason for these failures can provide an accurate answer to what constitutes ""‡∏ï‡∏£‡∏ß‡∏à‡∏™‡∏≠‡∏ö log ‡∏ï‡πà‡∏≠‡πÑ‡∏õ‡∏ô‡∏µ‡πâ"". To perform a comprehensive analysis of the login attempts and potentially identify any potential breaches, you would likely need additional data or context. If possibleÁöÑËØùÔºåconsider contacting your network administrator to get more information about this specific account's activities in case there are known security incidents related with it that could help uncover some clues on why they might have failed the login attempts at certain points of time: 02, 13 and earlier hours.


üìÇ **Context ‡∏ó‡∏µ‡πà‡πÉ‡∏ä‡πâ:**
- May 12 02:00:15 failed login from 192.168.1.50
- May 12 02:00:10 failed login from 192.168.1.50
- May 12 02:00:00 failed login from 192.168.1.50",2025-06-09 14:23:28.298694
